{
  "project_info": {
    "project_number": "825663680362",
    "project_id": "petfinder-c6f2a",
    "storage_bucket": "petfinder-c6f2a.appspot.com"
  },
  "client": [
    {
      "client_info": {
        "mobilesdk_app_id": "1:825663680362:android:9dd2ba59f73eed7473bf13",
        "android_client_info": {
          "package_name": "com.example.petfinder"
        }
      },
      "oauth_client": [],
      "api_key": [
        {
          "current_key": "AIzaSyBrEheUZJCimcRr4qWU7d3tun3uiLdync0"
        }
      ],
      "services": {
        "appinvite_service": {
          "other_platform_oauth_client": []
        }
      }
    }
  ],
  "configuration_version": "1"
}